qr_code;parking;naam
AGF27-P1-8TUNEE;P1 Flanders Expo;Bezoeker 1
AGF27-P1-SXSZ3M;P1 Flanders Expo;Bezoeker 2
AGF27-P1-RR9EF5;P1 Flanders Expo;Bezoeker 3
AGF27-P1-4D6YA8;P1 Flanders Expo;Bezoeker 4
AGF27-P1-SJXQKG;P1 Flanders Expo;Bezoeker 5
AGF27-P1-3VCFL7;P1 Flanders Expo;Bezoeker 6
AGF27-P1-KSDMA6;P1 Flanders Expo;Bezoeker 7
AGF27-P1-KY4EV6;P1 Flanders Expo;Bezoeker 8
AGF27-P1-7YAZLS;P1 Flanders Expo;Bezoeker 9
AGF27-P1-M8YDRL;P1 Flanders Expo;Bezoeker 10
AGF27-P1-P9FXXD;P1 Flanders Expo;Bezoeker 11
AGF27-P1-3XHVSF;P1 Flanders Expo;Bezoeker 12
AGF27-P1-V77UHB;P1 Flanders Expo;Bezoeker 13
AGF27-P1-UP8HAD;P1 Flanders Expo;Bezoeker 14
AGF27-P1-ZNUGC5;P1 Flanders Expo;Bezoeker 15
AGF27-P1-47AMYA;P1 Flanders Expo;Bezoeker 16
AGF27-P1-NQ2NX2;P1 Flanders Expo;Bezoeker 17
AGF27-P1-EYCMEF;P1 Flanders Expo;Bezoeker 18
AGF27-P1-UQJ78G;P1 Flanders Expo;Bezoeker 19
AGF27-P1-QZTB9L;P1 Flanders Expo;Bezoeker 20
AGF27-P1-V7P5VP;P1 Flanders Expo;Bezoeker 21
AGF27-P1-KXDQH8;P1 Flanders Expo;Bezoeker 22
AGF27-P1-FR5WVC;P1 Flanders Expo;Bezoeker 23
AGF27-P1-JG3FZP;P1 Flanders Expo;Bezoeker 24
AGF27-P1-LBM6D6;P1 Flanders Expo;Bezoeker 25
AGF27-P1-DQTNG6;P1 Flanders Expo;Bezoeker 26
AGF27-P1-ZXP3NL;P1 Flanders Expo;Bezoeker 27
AGF27-P1-AYRNW2;P1 Flanders Expo;Bezoeker 28
AGF27-P1-8XERED;P1 Flanders Expo;Bezoeker 29
AGF27-P1-JD9F6G;P1 Flanders Expo;Bezoeker 30
AGF27-P1-JV9X2X;P1 Flanders Expo;Bezoeker 31
AGF27-P1-E9YZ8V;P1 Flanders Expo;Bezoeker 32
AGF27-P1-9NQRQY;P1 Flanders Expo;Bezoeker 33
AGF27-P1-GVUL39;P1 Flanders Expo;Bezoeker 34
AGF27-P1-T4SBMH;P1 Flanders Expo;Bezoeker 35
AGF27-P1-7CD6RS;P1 Flanders Expo;Bezoeker 36
AGF27-P1-GHKRV5;P1 Flanders Expo;Bezoeker 37
AGF27-P1-STCMD7;P1 Flanders Expo;Bezoeker 38
AGF27-P1-HFRXKH;P1 Flanders Expo;Bezoeker 39
AGF27-P1-BQBS9X;P1 Flanders Expo;Bezoeker 40
AGF27-P1-A5FBZU;P1 Flanders Expo;Bezoeker 41
AGF27-P1-GHMKMB;P1 Flanders Expo;Bezoeker 42
AGF27-P1-U9CZH9;P1 Flanders Expo;Bezoeker 43
AGF27-P1-KX7XTN;P1 Flanders Expo;Bezoeker 44
AGF27-P1-XSN47J;P1 Flanders Expo;Bezoeker 45
AGF27-P1-E5532X;P1 Flanders Expo;Bezoeker 46
AGF27-P1-55LEHJ;P1 Flanders Expo;Bezoeker 47
AGF27-P1-5NKU92;P1 Flanders Expo;Bezoeker 48
AGF27-P1-XMTXFG;P1 Flanders Expo;Bezoeker 49
AGF27-P1-E9L4BA;P1 Flanders Expo;Bezoeker 50
AGF27-P1-AMS9BV;P1 Flanders Expo;Bezoeker 51
AGF27-P1-8H9432;P1 Flanders Expo;Bezoeker 52
AGF27-P1-WWRASA;P1 Flanders Expo;Bezoeker 53
AGF27-P1-6B5L2D;P1 Flanders Expo;Bezoeker 54
AGF27-P1-Q4CTNJ;P1 Flanders Expo;Bezoeker 55
AGF27-P1-J9NA96;P1 Flanders Expo;Bezoeker 56
AGF27-P1-9NF2LP;P1 Flanders Expo;Bezoeker 57
AGF27-P1-8TRV74;P1 Flanders Expo;Bezoeker 58
AGF27-P1-D926PG;P1 Flanders Expo;Bezoeker 59
AGF27-P1-VTKDHH;P1 Flanders Expo;Bezoeker 60
AGF27-P1-Z7483Q;P1 Flanders Expo;Bezoeker 61
AGF27-P1-4KVE7S;P1 Flanders Expo;Bezoeker 62
AGF27-P1-59CC9A;P1 Flanders Expo;Bezoeker 63
AGF27-P1-9FSMLT;P1 Flanders Expo;Bezoeker 64
AGF27-P1-96925G;P1 Flanders Expo;Bezoeker 65
AGF27-P1-7R8B4P;P1 Flanders Expo;Bezoeker 66
AGF27-P1-C2WFSU;P1 Flanders Expo;Bezoeker 67
AGF27-P1-9ZR4GY;P1 Flanders Expo;Bezoeker 68
AGF27-P1-PP2LE8;P1 Flanders Expo;Bezoeker 69
AGF27-P1-DQDX9D;P1 Flanders Expo;Bezoeker 70
AGF27-P1-D6KH95;P1 Flanders Expo;Bezoeker 71
AGF27-P1-CHR5Y2;P1 Flanders Expo;Bezoeker 72
AGF27-P1-86A3HU;P1 Flanders Expo;Bezoeker 73
AGF27-P1-2A7UNQ;P1 Flanders Expo;Bezoeker 74
AGF27-P1-WH9GXE;P1 Flanders Expo;Bezoeker 75
AGF27-P1-H477NL;P1 Flanders Expo;Bezoeker 76
AGF27-P1-JEQAJQ;P1 Flanders Expo;Bezoeker 77
AGF27-P1-TKNXFG;P1 Flanders Expo;Bezoeker 78
AGF27-P1-ESKEGM;P1 Flanders Expo;Bezoeker 79
AGF27-P1-MPVDXE;P1 Flanders Expo;Bezoeker 80
AGF27-P1-LGBMQC;P1 Flanders Expo;Bezoeker 81
AGF27-P1-UBHDWU;P1 Flanders Expo;Bezoeker 82
AGF27-P1-22K8Z4;P1 Flanders Expo;Bezoeker 83
AGF27-P1-3T32R3;P1 Flanders Expo;Bezoeker 84
AGF27-P1-DA6SRJ;P1 Flanders Expo;Bezoeker 85
AGF27-P1-MH9MEY;P1 Flanders Expo;Bezoeker 86
AGF27-P1-XA6TE6;P1 Flanders Expo;Bezoeker 87
AGF27-P1-P6RVR6;P1 Flanders Expo;Bezoeker 88
AGF27-P1-RRJQ7L;P1 Flanders Expo;Bezoeker 89
AGF27-P1-JH5R5L;P1 Flanders Expo;Bezoeker 90
AGF27-P1-Z9KAAB;P1 Flanders Expo;Bezoeker 91
AGF27-P1-VEL92N;P1 Flanders Expo;Bezoeker 92
AGF27-P1-UNVVSH;P1 Flanders Expo;Bezoeker 93
AGF27-P1-3WP77G;P1 Flanders Expo;Bezoeker 94
AGF27-P1-L2R7AC;P1 Flanders Expo;Bezoeker 95
AGF27-P1-L833BA;P1 Flanders Expo;Bezoeker 96
AGF27-P1-CK5PWQ;P1 Flanders Expo;Bezoeker 97
AGF27-P1-QPLMGQ;P1 Flanders Expo;Bezoeker 98
AGF27-P1-ECX8H8;P1 Flanders Expo;Bezoeker 99
AGF27-P1-7URKKC;P1 Flanders Expo;Bezoeker 100
AGF27-P1-445PRP;P1 Flanders Expo;Bezoeker 101
AGF27-P1-J9QEZP;P1 Flanders Expo;Bezoeker 102
AGF27-P1-V5EP8F;P1 Flanders Expo;Bezoeker 103
AGF27-P1-25WH95;P1 Flanders Expo;Bezoeker 104
AGF27-P1-L2NPRW;P1 Flanders Expo;Bezoeker 105
AGF27-P1-SRY9LD;P1 Flanders Expo;Bezoeker 106
AGF27-P1-YMX4H6;P1 Flanders Expo;Bezoeker 107
AGF27-P1-DK6VU4;P1 Flanders Expo;Bezoeker 108
AGF27-P1-4AFUYH;P1 Flanders Expo;Bezoeker 109
AGF27-P1-QDZJUA;P1 Flanders Expo;Bezoeker 110
AGF27-P1-788ECL;P1 Flanders Expo;Bezoeker 111
AGF27-P1-4J7PEQ;P1 Flanders Expo;Bezoeker 112
AGF27-P1-CCBQ5R;P1 Flanders Expo;Bezoeker 113
AGF27-P1-SAQH5A;P1 Flanders Expo;Bezoeker 114
AGF27-P1-HTQS6Q;P1 Flanders Expo;Bezoeker 115
AGF27-P1-9KRL8F;P1 Flanders Expo;Bezoeker 116
AGF27-P1-Y9AXAR;P1 Flanders Expo;Bezoeker 117
AGF27-P1-2PZSDL;P1 Flanders Expo;Bezoeker 118
AGF27-P1-ZJPVFQ;P1 Flanders Expo;Bezoeker 119
AGF27-P1-HEGPJW;P1 Flanders Expo;Bezoeker 120
AGF27-P1-AMQUV9;P1 Flanders Expo;Bezoeker 121
AGF27-P1-LJHG3W;P1 Flanders Expo;Bezoeker 122
AGF27-P1-7AQFXZ;P1 Flanders Expo;Bezoeker 123
AGF27-P1-JKCA9R;P1 Flanders Expo;Bezoeker 124
AGF27-P1-EEGCFH;P1 Flanders Expo;Bezoeker 125
AGF27-P1-TV3MM2;P1 Flanders Expo;Bezoeker 126
AGF27-P1-2LZD95;P1 Flanders Expo;Bezoeker 127
AGF27-P1-LSZ6J7;P1 Flanders Expo;Bezoeker 128
AGF27-P1-6PR68N;P1 Flanders Expo;Bezoeker 129
AGF27-P1-4LW4YT;P1 Flanders Expo;Bezoeker 130
AGF27-P1-P3V9E7;P1 Flanders Expo;Bezoeker 131
AGF27-P1-VF8BEX;P1 Flanders Expo;Bezoeker 132
AGF27-P1-YZQXRY;P1 Flanders Expo;Bezoeker 133
AGF27-P1-DE6CUK;P1 Flanders Expo;Bezoeker 134
AGF27-P1-AEAJPR;P1 Flanders Expo;Bezoeker 135
AGF27-P1-4VZDN6;P1 Flanders Expo;Bezoeker 136
AGF27-P1-JYSAW4;P1 Flanders Expo;Bezoeker 137
AGF27-P1-LED537;P1 Flanders Expo;Bezoeker 138
AGF27-P1-27NL6K;P1 Flanders Expo;Bezoeker 139
AGF27-P1-6QEM59;P1 Flanders Expo;Bezoeker 140
AGF27-P1-JTF7K7;P1 Flanders Expo;Bezoeker 141
AGF27-P1-UG6ZXM;P1 Flanders Expo;Bezoeker 142
AGF27-P1-E7D64L;P1 Flanders Expo;Bezoeker 143
AGF27-P1-LXJ2MM;P1 Flanders Expo;Bezoeker 144
AGF27-P1-JRHYA7;P1 Flanders Expo;Bezoeker 145
AGF27-P1-U3VGPJ;P1 Flanders Expo;Bezoeker 146
AGF27-P1-DK65PJ;P1 Flanders Expo;Bezoeker 147
AGF27-P1-HDLZYY;P1 Flanders Expo;Bezoeker 148
AGF27-P1-FN28MU;P1 Flanders Expo;Bezoeker 149
AGF27-P1-6K7GDY;P1 Flanders Expo;Bezoeker 150
AGF27-P1-DR7ZPK;P1 Flanders Expo;Bezoeker 151
AGF27-P1-SMF7W4;P1 Flanders Expo;Bezoeker 152
AGF27-P1-64XWW2;P1 Flanders Expo;Bezoeker 153
AGF27-P1-N2T9R5;P1 Flanders Expo;Bezoeker 154
AGF27-P1-W8ASK4;P1 Flanders Expo;Bezoeker 155
AGF27-P1-QFMK3K;P1 Flanders Expo;Bezoeker 156
AGF27-P1-RARLJ8;P1 Flanders Expo;Bezoeker 157
AGF27-P1-PB5WQW;P1 Flanders Expo;Bezoeker 158
AGF27-P1-VNHTHD;P1 Flanders Expo;Bezoeker 159
AGF27-P1-K3FQVL;P1 Flanders Expo;Bezoeker 160
AGF27-P1-2H4TSZ;P1 Flanders Expo;Bezoeker 161
AGF27-P1-65C8Z5;P1 Flanders Expo;Bezoeker 162
AGF27-P1-8R96CG;P1 Flanders Expo;Bezoeker 163
AGF27-P1-WUP885;P1 Flanders Expo;Bezoeker 164
AGF27-P1-97L2YX;P1 Flanders Expo;Bezoeker 165
AGF27-P1-QNG2KT;P1 Flanders Expo;Bezoeker 166
AGF27-P1-3UZ47W;P1 Flanders Expo;Bezoeker 167
AGF27-P1-S3AU5J;P1 Flanders Expo;Bezoeker 168
AGF27-P1-6UASR6;P1 Flanders Expo;Bezoeker 169
AGF27-P1-4L9T2Q;P1 Flanders Expo;Bezoeker 170
AGF27-P1-MGAVJ8;P1 Flanders Expo;Bezoeker 171
AGF27-P1-A9VNYF;P1 Flanders Expo;Bezoeker 172
AGF27-P1-KWH3EF;P1 Flanders Expo;Bezoeker 173
AGF27-P1-UZQARW;P1 Flanders Expo;Bezoeker 174
AGF27-P1-DW86MZ;P1 Flanders Expo;Bezoeker 175
AGF27-P1-VFFNSB;P1 Flanders Expo;Bezoeker 176
AGF27-P1-XU4P7Q;P1 Flanders Expo;Bezoeker 177
AGF27-P1-CBRUC9;P1 Flanders Expo;Bezoeker 178
AGF27-P1-2QMWZR;P1 Flanders Expo;Bezoeker 179
AGF27-P1-DNNYVB;P1 Flanders Expo;Bezoeker 180
AGF27-P1-5K57KR;P1 Flanders Expo;Bezoeker 181
AGF27-P1-NV9ZWZ;P1 Flanders Expo;Bezoeker 182
AGF27-P1-DE43BQ;P1 Flanders Expo;Bezoeker 183
AGF27-P1-FQZ7AK;P1 Flanders Expo;Bezoeker 184
AGF27-P1-3CVAL6;P1 Flanders Expo;Bezoeker 185
AGF27-P1-K2B9DS;P1 Flanders Expo;Bezoeker 186
AGF27-P1-UT77WL;P1 Flanders Expo;Bezoeker 187
AGF27-P1-FNW5WM;P1 Flanders Expo;Bezoeker 188
AGF27-P1-ZK5GWD;P1 Flanders Expo;Bezoeker 189
AGF27-P1-DKZQ46;P1 Flanders Expo;Bezoeker 190
AGF27-P1-7Y5HG5;P1 Flanders Expo;Bezoeker 191
AGF27-P1-2AJ4AD;P1 Flanders Expo;Bezoeker 192
AGF27-P1-WT7X9Q;P1 Flanders Expo;Bezoeker 193
AGF27-P1-LVA4Q2;P1 Flanders Expo;Bezoeker 194
AGF27-P1-UAPWET;P1 Flanders Expo;Bezoeker 195
AGF27-P1-32998A;P1 Flanders Expo;Bezoeker 196
AGF27-P1-HNET39;P1 Flanders Expo;Bezoeker 197
AGF27-P1-ZREEKE;P1 Flanders Expo;Bezoeker 198
AGF27-P1-V6ZHGK;P1 Flanders Expo;Bezoeker 199
AGF27-P1-859TFQ;P1 Flanders Expo;Bezoeker 200
AGF27-P1-T4WXN9;P1 Flanders Expo;Bezoeker 201
AGF27-P1-FJAPDP;P1 Flanders Expo;Bezoeker 202
AGF27-P1-YRFA7R;P1 Flanders Expo;Bezoeker 203
AGF27-P1-8LZ3EB;P1 Flanders Expo;Bezoeker 204
AGF27-P1-5LX79S;P1 Flanders Expo;Bezoeker 205
AGF27-P1-2HQCAU;P1 Flanders Expo;Bezoeker 206
AGF27-P1-3F4MY7;P1 Flanders Expo;Bezoeker 207
AGF27-P1-5E42KA;P1 Flanders Expo;Bezoeker 208
AGF27-P1-8TXQAT;P1 Flanders Expo;Bezoeker 209
AGF27-P1-JQPH6S;P1 Flanders Expo;Bezoeker 210
AGF27-P1-STJR4G;P1 Flanders Expo;Bezoeker 211
AGF27-P1-FLZ6FZ;P1 Flanders Expo;Bezoeker 212
AGF27-P1-D3G4ZJ;P1 Flanders Expo;Bezoeker 213
AGF27-P1-BNQTH7;P1 Flanders Expo;Bezoeker 214
AGF27-P1-7FD6X5;P1 Flanders Expo;Bezoeker 215
AGF27-P1-H7L3AW;P1 Flanders Expo;Bezoeker 216
AGF27-P1-F2XF4J;P1 Flanders Expo;Bezoeker 217
AGF27-P1-Y7ZSQC;P1 Flanders Expo;Bezoeker 218
AGF27-P1-DKGSHW;P1 Flanders Expo;Bezoeker 219
AGF27-P1-DTRMBF;P1 Flanders Expo;Bezoeker 220
AGF27-P1-TQGYNP;P1 Flanders Expo;Bezoeker 221
AGF27-P1-5N9FVA;P1 Flanders Expo;Bezoeker 222
AGF27-P1-TWA2XW;P1 Flanders Expo;Bezoeker 223
AGF27-P1-B56V8Q;P1 Flanders Expo;Bezoeker 224
AGF27-P1-5R8RNC;P1 Flanders Expo;Bezoeker 225
AGF27-P1-W6SFWB;P1 Flanders Expo;Bezoeker 226
AGF27-P1-ZCEKPT;P1 Flanders Expo;Bezoeker 227
AGF27-P1-9PV6BE;P1 Flanders Expo;Bezoeker 228
AGF27-P1-XLUBSE;P1 Flanders Expo;Bezoeker 229
AGF27-P1-ZZ8F8L;P1 Flanders Expo;Bezoeker 230
AGF27-P1-PZ9BCF;P1 Flanders Expo;Bezoeker 231
AGF27-P1-6Z7B5U;P1 Flanders Expo;Bezoeker 232
AGF27-P1-PC3NJ7;P1 Flanders Expo;Bezoeker 233
AGF27-P1-9QGN2R;P1 Flanders Expo;Bezoeker 234
AGF27-P1-LB9972;P1 Flanders Expo;Bezoeker 235
AGF27-P1-L498EV;P1 Flanders Expo;Bezoeker 236
AGF27-P1-7SGKQS;P1 Flanders Expo;Bezoeker 237
AGF27-P1-4DFCTR;P1 Flanders Expo;Bezoeker 238
AGF27-P1-M6KMT8;P1 Flanders Expo;Bezoeker 239
AGF27-P1-6BEU5P;P1 Flanders Expo;Bezoeker 240
AGF27-P1-QBD996;P1 Flanders Expo;Bezoeker 241
AGF27-P1-ARL5ME;P1 Flanders Expo;Bezoeker 242
AGF27-P1-KHHSHY;P1 Flanders Expo;Bezoeker 243
AGF27-P1-NFZH5L;P1 Flanders Expo;Bezoeker 244
AGF27-P1-43ANH7;P1 Flanders Expo;Bezoeker 245
AGF27-P1-NDZ2DB;P1 Flanders Expo;Bezoeker 246
AGF27-P1-SHPD7N;P1 Flanders Expo;Bezoeker 247
AGF27-P1-6AJUUE;P1 Flanders Expo;Bezoeker 248
AGF27-P1-BYE3PJ;P1 Flanders Expo;Bezoeker 249
AGF27-P1-MEQQUR;P1 Flanders Expo;Bezoeker 250
AGF27-P2-YSYY6G;P2 IKEA;Bezoeker 251
AGF27-P2-3EUMER;P2 IKEA;Bezoeker 252
AGF27-P2-L772SZ;P2 IKEA;Bezoeker 253
AGF27-P2-Y3DATE;P2 IKEA;Bezoeker 254
AGF27-P2-TRPSGS;P2 IKEA;Bezoeker 255
AGF27-P2-S96555;P2 IKEA;Bezoeker 256
AGF27-P2-W56Y8E;P2 IKEA;Bezoeker 257
AGF27-P2-M5W6BL;P2 IKEA;Bezoeker 258
AGF27-P2-P8AAL6;P2 IKEA;Bezoeker 259
AGF27-P2-RCV5QK;P2 IKEA;Bezoeker 260
AGF27-P2-VE4F3W;P2 IKEA;Bezoeker 261
AGF27-P2-EURHCS;P2 IKEA;Bezoeker 262
AGF27-P2-SVY88U;P2 IKEA;Bezoeker 263
AGF27-P2-348MQZ;P2 IKEA;Bezoeker 264
AGF27-P2-837FJF;P2 IKEA;Bezoeker 265
AGF27-P2-JSPHHX;P2 IKEA;Bezoeker 266
AGF27-P2-DPQPKZ;P2 IKEA;Bezoeker 267
AGF27-P2-YGU98Y;P2 IKEA;Bezoeker 268
AGF27-P2-NKUHRM;P2 IKEA;Bezoeker 269
AGF27-P2-4NYWR4;P2 IKEA;Bezoeker 270
AGF27-P2-8NTE6P;P2 IKEA;Bezoeker 271
AGF27-P2-HDMZBH;P2 IKEA;Bezoeker 272
AGF27-P2-8MRUV6;P2 IKEA;Bezoeker 273
AGF27-P2-6RFXWB;P2 IKEA;Bezoeker 274
AGF27-P2-PGBR8Q;P2 IKEA;Bezoeker 275
AGF27-P2-9PNBLY;P2 IKEA;Bezoeker 276
AGF27-P2-YN95SW;P2 IKEA;Bezoeker 277
AGF27-P2-ETCRV6;P2 IKEA;Bezoeker 278
AGF27-P2-E9BWBG;P2 IKEA;Bezoeker 279
AGF27-P2-8FRJ7X;P2 IKEA;Bezoeker 280
AGF27-P2-CRAA4N;P2 IKEA;Bezoeker 281
AGF27-P2-GYLPDU;P2 IKEA;Bezoeker 282
AGF27-P2-B4HYPX;P2 IKEA;Bezoeker 283
AGF27-P2-5LW7FM;P2 IKEA;Bezoeker 284
AGF27-P2-YPNM95;P2 IKEA;Bezoeker 285
AGF27-P2-WFBN66;P2 IKEA;Bezoeker 286
AGF27-P2-U5CMTR;P2 IKEA;Bezoeker 287
AGF27-P2-UQNK3H;P2 IKEA;Bezoeker 288
AGF27-P2-BGNPLP;P2 IKEA;Bezoeker 289
AGF27-P2-3HWAME;P2 IKEA;Bezoeker 290
AGF27-P2-3AS8EF;P2 IKEA;Bezoeker 291
AGF27-P2-52XNV7;P2 IKEA;Bezoeker 292
AGF27-P2-VJYEN7;P2 IKEA;Bezoeker 293
AGF27-P2-53EXP7;P2 IKEA;Bezoeker 294
AGF27-P2-K8AHUP;P2 IKEA;Bezoeker 295
AGF27-P2-TNQPCJ;P2 IKEA;Bezoeker 296
AGF27-P2-WAAVES;P2 IKEA;Bezoeker 297
AGF27-P2-X5C77R;P2 IKEA;Bezoeker 298
AGF27-P2-7QZC8U;P2 IKEA;Bezoeker 299
AGF27-P2-UCXGUW;P2 IKEA;Bezoeker 300
AGF27-P2-XV9QLB;P2 IKEA;Bezoeker 301
AGF27-P2-38JRFC;P2 IKEA;Bezoeker 302
AGF27-P2-ZBE2YT;P2 IKEA;Bezoeker 303
AGF27-P2-5KVAZ9;P2 IKEA;Bezoeker 304
AGF27-P2-UT44J6;P2 IKEA;Bezoeker 305
AGF27-P2-Q5XSUB;P2 IKEA;Bezoeker 306
AGF27-P2-48UPTH;P2 IKEA;Bezoeker 307
AGF27-P2-RBVHXF;P2 IKEA;Bezoeker 308
AGF27-P2-JCNZ4T;P2 IKEA;Bezoeker 309
AGF27-P2-6JRL6E;P2 IKEA;Bezoeker 310
AGF27-P2-UYUFKU;P2 IKEA;Bezoeker 311
AGF27-P2-E9GWWN;P2 IKEA;Bezoeker 312
AGF27-P2-C3XXMV;P2 IKEA;Bezoeker 313
AGF27-P2-BFXW2W;P2 IKEA;Bezoeker 314
AGF27-P2-G9FWV2;P2 IKEA;Bezoeker 315
AGF27-P2-VRZPA8;P2 IKEA;Bezoeker 316
AGF27-P2-79X8YZ;P2 IKEA;Bezoeker 317
AGF27-P2-E8HJ7K;P2 IKEA;Bezoeker 318
AGF27-P2-TXBYUY;P2 IKEA;Bezoeker 319
AGF27-P2-XMDF6Y;P2 IKEA;Bezoeker 320
AGF27-P2-HUFKHP;P2 IKEA;Bezoeker 321
AGF27-P2-TU9DAF;P2 IKEA;Bezoeker 322
AGF27-P2-ZCWNH4;P2 IKEA;Bezoeker 323
AGF27-P2-RJT69S;P2 IKEA;Bezoeker 324
AGF27-P2-CFBUVG;P2 IKEA;Bezoeker 325
AGF27-P2-GJCJMD;P2 IKEA;Bezoeker 326
AGF27-P2-9NMRFM;P2 IKEA;Bezoeker 327
AGF27-P2-8JQGML;P2 IKEA;Bezoeker 328
AGF27-P2-4W89CH;P2 IKEA;Bezoeker 329
AGF27-P2-QK6LSE;P2 IKEA;Bezoeker 330
AGF27-P2-HAXQQU;P2 IKEA;Bezoeker 331
AGF27-P2-L83DQD;P2 IKEA;Bezoeker 332
AGF27-P2-9M8AA5;P2 IKEA;Bezoeker 333
AGF27-P2-X6UYVY;P2 IKEA;Bezoeker 334
AGF27-P2-NXXKGQ;P2 IKEA;Bezoeker 335
AGF27-P2-PP66FJ;P2 IKEA;Bezoeker 336
AGF27-P2-A4TEVE;P2 IKEA;Bezoeker 337
AGF27-P2-YM62H9;P2 IKEA;Bezoeker 338
AGF27-P2-NZPYW7;P2 IKEA;Bezoeker 339
AGF27-P2-XYGMVF;P2 IKEA;Bezoeker 340
AGF27-P2-W2M4FM;P2 IKEA;Bezoeker 341
AGF27-P2-7W8SRK;P2 IKEA;Bezoeker 342
AGF27-P2-X6KXDL;P2 IKEA;Bezoeker 343
AGF27-P2-J6C3FV;P2 IKEA;Bezoeker 344
AGF27-P2-B7ZEEU;P2 IKEA;Bezoeker 345
AGF27-P2-TH497Z;P2 IKEA;Bezoeker 346
AGF27-P2-2HVLZJ;P2 IKEA;Bezoeker 347
AGF27-P2-MRZG8T;P2 IKEA;Bezoeker 348
AGF27-P2-SP92HE;P2 IKEA;Bezoeker 349
AGF27-P2-S8PZE3;P2 IKEA;Bezoeker 350
AGF27-P2-62K8GA;P2 IKEA;Bezoeker 351
AGF27-P2-X6TZWX;P2 IKEA;Bezoeker 352
AGF27-P2-H6H625;P2 IKEA;Bezoeker 353
AGF27-P2-XUT659;P2 IKEA;Bezoeker 354
AGF27-P2-E74VLF;P2 IKEA;Bezoeker 355
AGF27-P2-Y4DCB5;P2 IKEA;Bezoeker 356
AGF27-P2-2HGPBH;P2 IKEA;Bezoeker 357
AGF27-P2-RX8F5J;P2 IKEA;Bezoeker 358
AGF27-P2-ME6PRA;P2 IKEA;Bezoeker 359
AGF27-P2-TAGLUT;P2 IKEA;Bezoeker 360
AGF27-P2-SWZVFN;P2 IKEA;Bezoeker 361
AGF27-P2-K4A7SU;P2 IKEA;Bezoeker 362
AGF27-P2-3HKDBW;P2 IKEA;Bezoeker 363
AGF27-P2-LX2B4U;P2 IKEA;Bezoeker 364
AGF27-P2-B8JFUG;P2 IKEA;Bezoeker 365
AGF27-P2-7JPL94;P2 IKEA;Bezoeker 366
AGF27-P2-R7NQ76;P2 IKEA;Bezoeker 367
AGF27-P2-FMD7Z6;P2 IKEA;Bezoeker 368
AGF27-P2-MMMG6A;P2 IKEA;Bezoeker 369
AGF27-P2-EGQRRF;P2 IKEA;Bezoeker 370
AGF27-P2-7XQYPG;P2 IKEA;Bezoeker 371
AGF27-P2-VTG4Z7;P2 IKEA;Bezoeker 372
AGF27-P2-3QTCQQ;P2 IKEA;Bezoeker 373
AGF27-P2-MHSX7Q;P2 IKEA;Bezoeker 374
AGF27-P2-9SL58S;P2 IKEA;Bezoeker 375
AGF27-P2-DSBJV8;P2 IKEA;Bezoeker 376
AGF27-P2-2TPET6;P2 IKEA;Bezoeker 377
AGF27-P2-QHZEMN;P2 IKEA;Bezoeker 378
AGF27-P2-5KGW7G;P2 IKEA;Bezoeker 379
AGF27-P2-DSLH7V;P2 IKEA;Bezoeker 380
AGF27-P2-X7M2AB;P2 IKEA;Bezoeker 381
AGF27-P2-BCFWL4;P2 IKEA;Bezoeker 382
AGF27-P2-V5UC8Z;P2 IKEA;Bezoeker 383
AGF27-P2-TFFKJE;P2 IKEA;Bezoeker 384
AGF27-P2-GBA8V6;P2 IKEA;Bezoeker 385
AGF27-P2-25DDFK;P2 IKEA;Bezoeker 386
AGF27-P2-E6URNT;P2 IKEA;Bezoeker 387
AGF27-P2-VE8HH7;P2 IKEA;Bezoeker 388
AGF27-P2-N6Y98F;P2 IKEA;Bezoeker 389
AGF27-P2-DJYBT4;P2 IKEA;Bezoeker 390
AGF27-P2-X3X8ZP;P2 IKEA;Bezoeker 391
AGF27-P2-7UBKR2;P2 IKEA;Bezoeker 392
AGF27-P2-E3JR4R;P2 IKEA;Bezoeker 393
AGF27-P2-7FYL7P;P2 IKEA;Bezoeker 394
AGF27-P2-MKP493;P2 IKEA;Bezoeker 395
AGF27-P2-5WLV8Q;P2 IKEA;Bezoeker 396
AGF27-P2-7BBKCT;P2 IKEA;Bezoeker 397
AGF27-P2-3D4W4V;P2 IKEA;Bezoeker 398
AGF27-P2-E7LQU8;P2 IKEA;Bezoeker 399
AGF27-P2-UQWXM7;P2 IKEA;Bezoeker 400
AGF27-P3-G3KL3W;P3 Ghelamco;Bezoeker 401
AGF27-P3-XETD2X;P3 Ghelamco;Bezoeker 402
AGF27-P3-72BGQH;P3 Ghelamco;Bezoeker 403
AGF27-P3-NRKABB;P3 Ghelamco;Bezoeker 404
AGF27-P3-99LRT3;P3 Ghelamco;Bezoeker 405
AGF27-P3-26E7NJ;P3 Ghelamco;Bezoeker 406
AGF27-P3-7NCUYG;P3 Ghelamco;Bezoeker 407
AGF27-P3-G5MSNN;P3 Ghelamco;Bezoeker 408
AGF27-P3-BVVEDY;P3 Ghelamco;Bezoeker 409
AGF27-P3-P9JL93;P3 Ghelamco;Bezoeker 410
AGF27-P3-YD79G2;P3 Ghelamco;Bezoeker 411
AGF27-P3-ZFLPX6;P3 Ghelamco;Bezoeker 412
AGF27-P3-ALKCL7;P3 Ghelamco;Bezoeker 413
AGF27-P3-4QQ7M8;P3 Ghelamco;Bezoeker 414
AGF27-P3-WEN62M;P3 Ghelamco;Bezoeker 415
AGF27-P3-AQFLZT;P3 Ghelamco;Bezoeker 416
AGF27-P3-MU5K3P;P3 Ghelamco;Bezoeker 417
AGF27-P3-9YR48A;P3 Ghelamco;Bezoeker 418
AGF27-P3-GTU4PA;P3 Ghelamco;Bezoeker 419
AGF27-P3-BANXUN;P3 Ghelamco;Bezoeker 420
AGF27-P3-KNXWVL;P3 Ghelamco;Bezoeker 421
AGF27-P3-VUH5CW;P3 Ghelamco;Bezoeker 422
AGF27-P3-QBEZ77;P3 Ghelamco;Bezoeker 423
AGF27-P3-9GW7UA;P3 Ghelamco;Bezoeker 424
AGF27-P3-7FPEJA;P3 Ghelamco;Bezoeker 425
AGF27-P3-WS8P8B;P3 Ghelamco;Bezoeker 426
AGF27-P3-LNPB5Z;P3 Ghelamco;Bezoeker 427
AGF27-P3-5AEPSD;P3 Ghelamco;Bezoeker 428
AGF27-P3-NC3FTG;P3 Ghelamco;Bezoeker 429
AGF27-P3-5SEWY5;P3 Ghelamco;Bezoeker 430
AGF27-P3-J6JS6U;P3 Ghelamco;Bezoeker 431
AGF27-P3-4JBWH4;P3 Ghelamco;Bezoeker 432
AGF27-P3-DZGW45;P3 Ghelamco;Bezoeker 433
AGF27-P3-NQ9J2H;P3 Ghelamco;Bezoeker 434
AGF27-P3-VDHESV;P3 Ghelamco;Bezoeker 435
AGF27-P3-V68GV6;P3 Ghelamco;Bezoeker 436
AGF27-P3-382AKQ;P3 Ghelamco;Bezoeker 437
AGF27-P3-5EKNXS;P3 Ghelamco;Bezoeker 438
AGF27-P3-87M8A2;P3 Ghelamco;Bezoeker 439
AGF27-P3-GC24J6;P3 Ghelamco;Bezoeker 440
AGF27-P3-5537BS;P3 Ghelamco;Bezoeker 441
AGF27-P3-Q3SZR3;P3 Ghelamco;Bezoeker 442
AGF27-P3-WRDX7W;P3 Ghelamco;Bezoeker 443
AGF27-P3-RZZ3FP;P3 Ghelamco;Bezoeker 444
AGF27-P3-DRNZ5P;P3 Ghelamco;Bezoeker 445
AGF27-P3-T75VV6;P3 Ghelamco;Bezoeker 446
AGF27-P3-LR4YPM;P3 Ghelamco;Bezoeker 447
AGF27-P3-NGGDDA;P3 Ghelamco;Bezoeker 448
AGF27-P3-R6YFSL;P3 Ghelamco;Bezoeker 449
AGF27-P3-FHGB5B;P3 Ghelamco;Bezoeker 450
AGF27-P3-2HBNSF;P3 Ghelamco;Bezoeker 451
AGF27-P3-NMK4SY;P3 Ghelamco;Bezoeker 452
AGF27-P3-B8ZTQA;P3 Ghelamco;Bezoeker 453
AGF27-P3-68BW4K;P3 Ghelamco;Bezoeker 454
AGF27-P3-X39MEC;P3 Ghelamco;Bezoeker 455
AGF27-P3-P5E2E5;P3 Ghelamco;Bezoeker 456
AGF27-P3-RSYBGW;P3 Ghelamco;Bezoeker 457
AGF27-P3-VDJHMG;P3 Ghelamco;Bezoeker 458
AGF27-P3-52JAZN;P3 Ghelamco;Bezoeker 459
AGF27-P3-5GF652;P3 Ghelamco;Bezoeker 460
AGF27-P3-LD2H3L;P3 Ghelamco;Bezoeker 461
AGF27-P3-XRJ9WG;P3 Ghelamco;Bezoeker 462
AGF27-P3-CF9K29;P3 Ghelamco;Bezoeker 463
AGF27-P3-J25KUB;P3 Ghelamco;Bezoeker 464
AGF27-P3-5LNMTZ;P3 Ghelamco;Bezoeker 465
AGF27-P3-5WZGKS;P3 Ghelamco;Bezoeker 466
AGF27-P3-YXST6N;P3 Ghelamco;Bezoeker 467
AGF27-P3-YGDXE9;P3 Ghelamco;Bezoeker 468
AGF27-P3-JH8E4A;P3 Ghelamco;Bezoeker 469
AGF27-P3-PTB2DA;P3 Ghelamco;Bezoeker 470
AGF27-P3-TKWNVL;P3 Ghelamco;Bezoeker 471
AGF27-P3-MRG8PY;P3 Ghelamco;Bezoeker 472
AGF27-P3-6FUBNJ;P3 Ghelamco;Bezoeker 473
AGF27-P3-BKC3FW;P3 Ghelamco;Bezoeker 474
AGF27-P3-B5S38F;P3 Ghelamco;Bezoeker 475
AGF27-P3-SV4RJS;P3 Ghelamco;Bezoeker 476
AGF27-P3-27P85L;P3 Ghelamco;Bezoeker 477
AGF27-P3-ERBMFT;P3 Ghelamco;Bezoeker 478
AGF27-P3-68DSJH;P3 Ghelamco;Bezoeker 479
AGF27-P3-RFKFLQ;P3 Ghelamco;Bezoeker 480
AGF27-P3-3TJZ2F;P3 Ghelamco;Bezoeker 481
AGF27-P3-JGEUMP;P3 Ghelamco;Bezoeker 482
AGF27-P3-V6EB2M;P3 Ghelamco;Bezoeker 483
AGF27-P3-B24TC8;P3 Ghelamco;Bezoeker 484
AGF27-P3-D6F9WM;P3 Ghelamco;Bezoeker 485
AGF27-P3-N4EBWA;P3 Ghelamco;Bezoeker 486
AGF27-P3-WZ2PXL;P3 Ghelamco;Bezoeker 487
AGF27-P3-UHHDNQ;P3 Ghelamco;Bezoeker 488
AGF27-P3-BLNA6Q;P3 Ghelamco;Bezoeker 489
AGF27-P3-MDHL8T;P3 Ghelamco;Bezoeker 490
AGF27-P3-B8D25Z;P3 Ghelamco;Bezoeker 491
AGF27-P3-TF9Y6R;P3 Ghelamco;Bezoeker 492
AGF27-P3-PMNRC6;P3 Ghelamco;Bezoeker 493
AGF27-P3-83LWSP;P3 Ghelamco;Bezoeker 494
AGF27-P3-XB897S;P3 Ghelamco;Bezoeker 495
AGF27-P3-654W2N;P3 Ghelamco;Bezoeker 496
AGF27-P3-9NY427;P3 Ghelamco;Bezoeker 497
AGF27-P3-Q9VMDK;P3 Ghelamco;Bezoeker 498
AGF27-P3-TQDGJD;P3 Ghelamco;Bezoeker 499
AGF27-P3-8ABNEE;P3 Ghelamco;Bezoeker 500
